url	chapt_name	file_names
https://ottrproject.org/OTTR_Template/index.html	About this Course	resources/chapt_screen_images/index.png
https://ottrproject.org/OTTR_Template/introduction.html	1 Introduction	resources/chapt_screen_images/introduction.png
https://ottrproject.org/OTTR_Template/a-new-chapter.html	2 A new chapter	resources/chapt_screen_images/a-new-chapter.png
https://ottrproject.org/OTTR_Template/topic-of-section.html	3 Topic of Section	resources/chapt_screen_images/topic-of-section.png
https://ottrproject.org/OTTR_Template/about-the-authors.html	About the Authors	resources/chapt_screen_images/about-the-authors.png
https://ottrproject.org/OTTR_Template/references.html	References	resources/chapt_screen_images/references.png
